{
  "tests": [
    {
      "name": "mod.c executable generation test",
      "setup": "",
      "run": "gcc -o mod mod.c",
      "input": "",
      "output": "",
      "comparison": "included",
      "timeout": 1,
      "points": 5
    },
    {
      "name": "dungeon_mod.o executable generation test",
      "setup": "./mod",
      "run": "gcc -o dungeon_mod dungeon_mod.o",
      "input": "",
      "output": "",
      "comparison": "included",
      "timeout": 1,
      "points": 1
    },
    {
      "name": "dungeon_mod.o modification test",
      "setup": "",
      "run": "bash ./test/test_framework.sh; echo $?",
      "output": "Test passes\n0",
      "comparison": "exact",
      "timeout": 1,
      "points": 4
    }
  ]
}
